{"cameraMode":{"drawMode":0,"name":"Shaded","section":"Shading Mode"},"sceneLighting":true,"audioPlay":false,"sceneViewState":{"m_AlwaysRefresh":false,"showFog":true,"showSkybox":true,"showFlares":true,"showImageEffects":true,"showParticleSystems":true,"showVisualEffectGraphs":true,"m_FxEnabled":true},"in2DMode":false,"pivot":{"x":512.4696655273438,"y":-16.693527221679689,"z":24.114933013916017},"rotation":{"x":-0.07487741112709046,"y":0.09766287356615067,"z":-0.007368739694356918,"w":-0.9923768043518066},"size":79.5965347290039,"orthographic":false}