{"cameraMode":{"drawMode":0,"name":"Shaded","section":"Shading Mode"},"sceneLighting":true,"audioPlay":false,"sceneViewState":{"m_AlwaysRefresh":false,"showFog":true,"showSkybox":true,"showFlares":true,"showImageEffects":true,"showParticleSystems":true,"showVisualEffectGraphs":true,"m_FxEnabled":true},"in2DMode":false,"pivot":{"x":-3.1179757118225099,"y":0.8633978366851807,"z":-3.742093086242676},"rotation":{"x":-0.383249968290329,"y":-0.000832843070384115,"z":0.00034873446566052735,"w":-0.9236515164375305},"size":2.5119621753692629,"orthographic":true}