{"cameraMode":{"drawMode":0,"name":"Shaded","section":"Shading Mode"},"sceneLighting":true,"audioPlay":false,"sceneViewState":{"m_AlwaysRefresh":false,"showFog":true,"showSkybox":true,"showFlares":true,"showImageEffects":true,"showParticleSystems":true,"showVisualEffectGraphs":true,"m_FxEnabled":true},"in2DMode":false,"pivot":{"x":8.348995208740235,"y":-0.3254675567150116,"z":-14.826276779174805},"rotation":{"x":-0.27283772826194765,"y":0.38836756348609927,"z":-0.12154077738523483,"w":-0.8717715740203857},"size":7.170265197753906,"orthographic":true}