{"cameraMode":{"drawMode":0,"name":"Shaded","section":"Shading Mode"},"sceneLighting":true,"audioPlay":false,"sceneViewState":{"m_AlwaysRefresh":false,"showFog":true,"showSkybox":true,"showFlares":true,"showImageEffects":true,"showParticleSystems":true,"showVisualEffectGraphs":true,"m_FxEnabled":true},"in2DMode":false,"pivot":{"x":-2.487088203430176,"y":1.1050920486450196,"z":-3.066213846206665},"rotation":{"x":-0.38187214732170107,"y":-0.000840685039293021,"z":0.0003277451905887574,"w":-0.9242427945137024},"size":3.637007236480713,"orthographic":true}