{"cameraMode":{"drawMode":0,"name":"Shaded","section":"Shading Mode"},"sceneLighting":true,"audioPlay":false,"sceneViewState":{"m_AlwaysRefresh":false,"showFog":true,"showSkybox":true,"showFlares":true,"showImageEffects":true,"showParticleSystems":true,"showVisualEffectGraphs":true,"m_FxEnabled":true},"in2DMode":false,"pivot":{"x":-2.3918869495391847,"y":0.8323795795440674,"z":-3.26670503616333},"rotation":{"x":-0.2365509569644928,"y":0.0005796347977593541,"z":-0.00014293663844000548,"w":-0.9716364145278931},"size":1.9638853073120118,"orthographic":true}