{"cameraMode":{"drawMode":0,"name":"Shaded","section":"Shading Mode"},"sceneLighting":true,"audioPlay":false,"sceneViewState":{"m_AlwaysRefresh":false,"showFog":true,"showSkybox":true,"showFlares":true,"showImageEffects":true,"showParticleSystems":true,"showVisualEffectGraphs":true,"m_FxEnabled":true},"in2DMode":false,"pivot":{"x":-11.364419937133789,"y":-2.4958105087280275,"z":-3.6670169830322267},"rotation":{"x":0.3059123456478119,"y":-0.09041765332221985,"z":0.051261287182569507,"w":0.9463692903518677},"size":8.417940139770508,"orthographic":false}