{"cameraMode":{"drawMode":0,"name":"Shaded","section":"Shading Mode"},"sceneLighting":true,"audioPlay":false,"sceneViewState":{"m_AlwaysRefresh":false,"showFog":true,"showSkybox":true,"showFlares":true,"showImageEffects":true,"showParticleSystems":true,"showVisualEffectGraphs":true,"m_FxEnabled":true},"in2DMode":false,"pivot":{"x":-2.2022972106933595,"y":-11.842574119567871,"z":9.855064392089844},"rotation":{"x":0.28832584619522097,"y":0.24573718011379243,"z":-0.0768236517906189,"w":0.9222703576087952},"size":18.847551345825197,"orthographic":false}