{"cameraMode":{"drawMode":0,"name":"Shaded","section":"Shading Mode"},"sceneLighting":true,"audioPlay":false,"sceneViewState":{"m_AlwaysRefresh":false,"showFog":true,"showSkybox":true,"showFlares":true,"showImageEffects":true,"showParticleSystems":true,"showVisualEffectGraphs":true,"m_FxEnabled":true},"in2DMode":false,"pivot":{"x":0.10218539834022522,"y":-0.5819025039672852,"z":0.23626136779785157},"rotation":{"x":-0.29006099700927737,"y":-0.01379192154854536,"z":0.0041529289446771149,"w":-0.9569402933120728},"size":6.827293872833252,"orthographic":false}