{"cameraMode":{"drawMode":0,"name":"Shaded","section":"Shading Mode"},"sceneLighting":true,"audioPlay":false,"sceneViewState":{"m_AlwaysRefresh":false,"showFog":true,"showSkybox":true,"showFlares":true,"showImageEffects":true,"showParticleSystems":true,"showVisualEffectGraphs":true,"m_FxEnabled":true},"in2DMode":false,"pivot":{"x":-2.992483615875244,"y":1.3502609729766846,"z":-7.3324198722839359},"rotation":{"x":-0.37771081924438479,"y":0.0019355225376784802,"z":-0.0008100079721771181,"w":-0.9259560704231262},"size":4.422567844390869,"orthographic":true}