{"cameraMode":{"drawMode":0,"name":"Shaded","section":"Shading Mode"},"sceneLighting":true,"audioPlay":false,"sceneViewState":{"m_AlwaysRefresh":false,"showFog":true,"showSkybox":true,"showFlares":true,"showImageEffects":true,"showParticleSystems":true,"showVisualEffectGraphs":true,"m_FxEnabled":true},"in2DMode":false,"pivot":{"x":-13.364479064941407,"y":-1.2663764953613282,"z":0.7356185913085938},"rotation":{"x":0.3304215967655182,"y":0.06166500598192215,"z":-0.021639665588736535,"w":0.9415698647499085},"size":7.00954532623291,"orthographic":false}