{"cameraMode":{"drawMode":0,"name":"Shaded","section":"Shading Mode"},"sceneLighting":true,"audioPlay":false,"sceneViewState":{"m_AlwaysRefresh":false,"showFog":true,"showSkybox":true,"showFlares":true,"showImageEffects":true,"showParticleSystems":true,"showVisualEffectGraphs":true,"m_FxEnabled":true},"in2DMode":false,"pivot":{"x":-0.9250326156616211,"y":0.018279552459716798,"z":18.386159896850587},"rotation":{"x":0.30700862407684328,"y":-0.04768648371100426,"z":0.015075267292559147,"w":0.9508156776428223},"size":6.56525182723999,"orthographic":false}