{"cameraMode":{"drawMode":0,"name":"Shaded","section":"Shading Mode"},"sceneLighting":true,"audioPlay":false,"sceneViewState":{"m_AlwaysRefresh":false,"showFog":true,"showSkybox":true,"showFlares":true,"showImageEffects":true,"showParticleSystems":true,"showVisualEffectGraphs":true,"m_FxEnabled":true},"in2DMode":false,"pivot":{"x":-3.1973814964294435,"y":7.29986047744751,"z":-6.358954906463623},"rotation":{"x":-0.383249431848526,"y":0.0005519433179870248,"z":-0.0002282007335452363,"w":-0.9236490726470947},"size":3.764484167098999,"orthographic":true}