{"cameraMode":{"drawMode":0,"name":"Shaded","section":"Shading Mode"},"sceneLighting":true,"audioPlay":false,"sceneViewState":{"m_AlwaysRefresh":false,"showFog":true,"showSkybox":true,"showFlares":true,"showImageEffects":true,"showParticleSystems":true,"showVisualEffectGraphs":true,"m_FxEnabled":true},"in2DMode":false,"pivot":{"x":-2.589419364929199,"y":1.6316527128219605,"z":-4.575698375701904},"rotation":{"x":-0.37074628472328188,"y":0.0005548358894884586,"z":-0.0002210951060988009,"w":-0.928742527961731},"size":0.6859992742538452,"orthographic":true}