{"cameraMode":{"drawMode":0,"name":"Shaded","section":"Shading Mode"},"sceneLighting":true,"audioPlay":false,"sceneViewState":{"m_AlwaysRefresh":false,"showFog":true,"showSkybox":true,"showFlares":true,"showImageEffects":true,"showParticleSystems":true,"showVisualEffectGraphs":true,"m_FxEnabled":true},"in2DMode":false,"pivot":{"x":-5.321261882781982,"y":0.015137910842895508,"z":-5.387670993804932},"rotation":{"x":0.3237334191799164,"y":-0.10529471933841706,"z":0.036273084580898288,"w":0.9395861029624939},"size":8.86350154876709,"orthographic":false}