{"cameraMode":{"drawMode":0,"name":"Shaded","section":"Shading Mode"},"sceneLighting":true,"audioPlay":false,"sceneViewState":{"m_AlwaysRefresh":false,"showFog":true,"showSkybox":true,"showFlares":true,"showImageEffects":true,"showParticleSystems":true,"showVisualEffectGraphs":true,"m_FxEnabled":true},"in2DMode":false,"pivot":{"x":-2.650707960128784,"y":1.1045883893966675,"z":-3.342416286468506},"rotation":{"x":-0.27134817838668826,"y":-0.010974273085594178,"z":0.0030945101752877237,"w":-0.9624211192131043},"size":2.086606740951538,"orthographic":false}