{"cameraMode":{"drawMode":0,"name":"Shaded","section":"Shading Mode"},"sceneLighting":true,"audioPlay":false,"sceneViewState":{"m_AlwaysRefresh":false,"showFog":true,"showSkybox":true,"showFlares":true,"showImageEffects":true,"showParticleSystems":true,"showVisualEffectGraphs":true,"m_FxEnabled":true},"in2DMode":false,"pivot":{"x":-2.7639999389648439,"y":1.5799999237060547,"z":-4.449999809265137},"rotation":{"x":-0.3846452236175537,"y":0.0019300292478874326,"z":-0.0008225440396927297,"w":-0.9230989813804627},"size":4.962325572967529,"orthographic":true}