{"cameraMode":{"drawMode":0,"name":"Shaded","section":"Shading Mode"},"sceneLighting":true,"audioPlay":false,"sceneViewState":{"m_AlwaysRefresh":false,"showFog":true,"showSkybox":true,"showFlares":true,"showImageEffects":true,"showParticleSystems":true,"showVisualEffectGraphs":true,"m_FxEnabled":true},"in2DMode":false,"pivot":{"x":645.0145263671875,"y":-69.01533508300781,"z":-15.340911865234375},"rotation":{"x":0.21565011143684388,"y":-0.05328496918082237,"z":0.011394676752388478,"w":0.9749568700790405},"size":55.94660568237305,"orthographic":false}