{"cameraMode":{"drawMode":0,"name":"Shaded","section":"Shading Mode"},"sceneLighting":false,"audioPlay":false,"sceneViewState":{"m_AlwaysRefresh":false,"showFog":true,"showSkybox":false,"showFlares":true,"showImageEffects":true,"showParticleSystems":true,"showVisualEffectGraphs":true,"m_FxEnabled":true},"in2DMode":false,"pivot":{"x":0.8554556369781494,"y":9.66751480102539,"z":-1.0234074592590333},"rotation":{"x":0.26766765117645266,"y":0.059208810329437259,"z":-0.016492599621415139,"w":0.9615424275398254},"size":4.63422155380249,"orthographic":true}